Format Version,1.21,Take Name,testrit 2 21-4 ,Capture Frame Rate,120.000000,Export Frame Rate,120.000000,Capture Start Time,2022-04-21 11.47.01 AM,Total Frames in Take,741,Total Exported Frames,741,Rotation Type,Quaternion,Length Units,Meters,Coordinate Space,Global

,,Rigid Body,Rigid Body,Rigid Body,Rigid Body,Rigid Body,Rigid Body,Rigid Body,Rigid Body
,,Jetracer 3(id1),Jetracer 3(id1),Jetracer 3(id1),Jetracer 3(id1),Jetracer 3(id1),Jetracer 3(id1),Jetracer 3(id1),Jetracer 3(id1)
,,"8392B20CF49E35731","8392B20CF49E35731","8392B20CF49E35731","8392B20CF49E35731","8392B20CF49E35731","8392B20CF49E35731","8392B20CF49E35731","8392B20CF49E35731"
,,Rotation,Rotation,Rotation,Rotation,Position,Position,Position,Error Per Marker
Frame,Time,X,Y,Z,W,X,Y,Z,
0,0.000000,0.020855,0.061661,-0.004757,-0.997868,-4.422018,0.115052,-0.088535,0.056294
1,0.008333,0.020855,0.061661,-0.004757,-0.997868,-4.422018,0.115052,-0.088535,0.056294
2,0.016667,0.020855,0.061661,-0.004757,-0.997868,-4.422018,0.115052,-0.088535,0.056294
3,0.025000,0.020855,0.061661,-0.004757,-0.997868,-4.422018,0.115052,-0.088535,0.056294
4,0.033333,0.020855,0.061661,-0.004757,-0.997868,-4.422018,0.115052,-0.088535,0.056294
5,0.041667,0.020855,0.061661,-0.004757,-0.997868,-4.422018,0.115052,-0.088535,0.056294
6,0.050000,0.020855,0.061661,-0.004757,-0.997868,-4.422018,0.115052,-0.088535,0.056294
7,0.058333,0.020855,0.061661,-0.004757,-0.997868,-4.422018,0.115052,-0.088535,0.056294
8,0.066667,0.020855,0.061661,-0.004757,-0.997868,-4.422018,0.115052,-0.088535,0.056294
9,0.075000,0.020855,0.061661,-0.004757,-0.997868,-4.422018,0.115052,-0.088535,0.056294
10,0.083333,0.020855,0.061661,-0.004757,-0.997868,-4.422018,0.115052,-0.088535,0.056294
11,0.091667,0.020855,0.061661,-0.004757,-0.997868,-4.422018,0.115052,-0.088535,0.056294
12,0.100000,0.020855,0.061661,-0.004757,-0.997868,-4.422018,0.115052,-0.088535,0.056294
13,0.108333,0.020855,0.061661,-0.004757,-0.997868,-4.422018,0.115052,-0.088535,0.056294
14,0.116667,0.020855,0.061661,-0.004757,-0.997868,-4.422018,0.115052,-0.088535,0.056294
15,0.125000,0.020855,0.061661,-0.004757,-0.997868,-4.422018,0.115052,-0.088535,0.056294
16,0.133333,0.020855,0.061661,-0.004757,-0.997868,-4.422018,0.115052,-0.088535,0.056294
17,0.141667,0.020855,0.061661,-0.004757,-0.997868,-4.422018,0.115052,-0.088535,0.056294
18,0.150000,0.020855,0.061661,-0.004757,-0.997868,-4.422018,0.115052,-0.088535,0.056294
19,0.158333,0.020855,0.061661,-0.004757,-0.997868,-4.422018,0.115052,-0.088535,0.056294
20,0.166667,0.020855,0.061661,-0.004757,-0.997868,-4.422018,0.115052,-0.088535,0.056294
21,0.175000,0.020855,0.061661,-0.004757,-0.997868,-4.422018,0.115052,-0.088535,0.056294
22,0.183333,0.020855,0.061661,-0.004757,-0.997868,-4.422018,0.115052,-0.088535,0.056294
23,0.191667,0.020855,0.061661,-0.004757,-0.997868,-4.422018,0.115052,-0.088535,0.056294
24,0.200000,0.020855,0.061661,-0.004757,-0.997868,-4.422018,0.115052,-0.088535,0.056294
25,0.208333,0.020855,0.061661,-0.004757,-0.997868,-4.422018,0.115052,-0.088535,0.056294
26,0.216667,0.020855,0.061661,-0.004757,-0.997868,-4.422018,0.115052,-0.088535,0.056294
27,0.225000,0.020855,0.061661,-0.004757,-0.997868,-4.422018,0.115052,-0.088535,0.056294
28,0.233333,0.020855,0.061661,-0.004757,-0.997868,-4.422018,0.115052,-0.088535,0.056294
29,0.241667,0.020855,0.061661,-0.004757,-0.997868,-4.422018,0.115052,-0.088535,0.056294
30,0.250000,0.020855,0.061661,-0.004757,-0.997868,-4.422018,0.115052,-0.088535,0.056294
31,0.258333,0.020855,0.061661,-0.004757,-0.997868,-4.422018,0.115052,-0.088535,0.056294
32,0.266667,0.020855,0.061661,-0.004757,-0.997868,-4.422018,0.115052,-0.088535,0.056294
33,0.275000,0.020855,0.061661,-0.004757,-0.997868,-4.422018,0.115052,-0.088535,0.056294
34,0.283333,0.020855,0.061661,-0.004757,-0.997868,-4.422018,0.115052,-0.088535,0.056294
35,0.291667,0.020855,0.061661,-0.004757,-0.997868,-4.422018,0.115052,-0.088535,0.056294
36,0.300000,0.020855,0.061661,-0.004757,-0.997868,-4.422018,0.115052,-0.088535,0.056294
37,0.308333,0.020855,0.061661,-0.004757,-0.997868,-4.422018,0.115052,-0.088535,0.056294
38,0.316667,0.020855,0.061661,-0.004757,-0.997868,-4.422018,0.115052,-0.088535,0.056294
39,0.325000,0.020855,0.061661,-0.004757,-0.997868,-4.422018,0.115052,-0.088535,0.056294
40,0.333333,0.020855,0.061661,-0.004757,-0.997868,-4.422018,0.115052,-0.088535,0.056294
41,0.341667,0.020855,0.061661,-0.004757,-0.997868,-4.422018,0.115052,-0.088535,0.056294
42,0.350000,0.020855,0.061661,-0.004757,-0.997868,-4.422018,0.115052,-0.088535,0.056294
43,0.358333,0.020855,0.061661,-0.004757,-0.997868,-4.422018,0.115052,-0.088535,0.056294
44,0.366667,0.020855,0.061661,-0.004757,-0.997868,-4.422018,0.115052,-0.088535,0.056294
45,0.375000,0.020855,0.061661,-0.004757,-0.997868,-4.422018,0.115052,-0.088535,0.056294
46,0.383333,0.020855,0.061661,-0.004757,-0.997868,-4.422018,0.115052,-0.088535,0.056294
47,0.391667,0.020855,0.061661,-0.004757,-0.997868,-4.422018,0.115052,-0.088535,0.056294
48,0.400000,0.020855,0.061661,-0.004757,-0.997868,-4.422018,0.115052,-0.088535,0.056294
49,0.408333,0.020855,0.061661,-0.004757,-0.997868,-4.422018,0.115052,-0.088535,0.056294
50,0.416667,0.020855,0.061661,-0.004757,-0.997868,-4.422018,0.115052,-0.088535,0.056294
51,0.425000,0.020855,0.061661,-0.004757,-0.997868,-4.422018,0.115052,-0.088535,0.056294
52,0.433333,0.020855,0.061661,-0.004757,-0.997868,-4.422018,0.115052,-0.088535,0.056294
53,0.441667,0.020855,0.061661,-0.004757,-0.997868,-4.422018,0.115052,-0.088535,0.056294
54,0.450000,0.020855,0.061661,-0.004757,-0.997868,-4.422018,0.115052,-0.088535,0.056294
55,0.458333,0.020855,0.061661,-0.004757,-0.997868,-4.422018,0.115052,-0.088535,0.056294
56,0.466667,0.020855,0.061661,-0.004757,-0.997868,-4.422018,0.115052,-0.088535,0.056294
57,0.475000,0.020855,0.061661,-0.004757,-0.997868,-4.422018,0.115052,-0.088535,0.056294
58,0.483333,0.020855,0.061661,-0.004757,-0.997868,-4.422018,0.115052,-0.088535,0.056294
59,0.491667,0.020855,0.061661,-0.004757,-0.997868,-4.422018,0.115052,-0.088535,0.056294
60,0.500000,0.020855,0.061661,-0.004757,-0.997868,-4.422018,0.115052,-0.088535,0.056294
61,0.508333,0.020855,0.061661,-0.004757,-0.997868,-4.422018,0.115052,-0.088535,0.056294
62,0.516667,0.020855,0.061661,-0.004757,-0.997868,-4.422018,0.115052,-0.088535,0.056294
63,0.525000,0.020855,0.061661,-0.004757,-0.997868,-4.422018,0.115052,-0.088535,0.056294
64,0.533333,0.020855,0.061661,-0.004757,-0.997868,-4.422018,0.115052,-0.088535,0.056294
65,0.541667,0.020855,0.061661,-0.004757,-0.997868,-4.422018,0.115052,-0.088535,0.056294
66,0.550000,0.020855,0.061661,-0.004757,-0.997868,-4.422018,0.115052,-0.088535,0.056294
67,0.558333,0.020855,0.061661,-0.004757,-0.997868,-4.422018,0.115052,-0.088535,0.056294
68,0.566667,0.020855,0.061661,-0.004757,-0.997868,-4.422018,0.115052,-0.088535,0.056294
69,0.575000,0.020855,0.061661,-0.004757,-0.997868,-4.422018,0.115052,-0.088535,0.056294
70,0.583333,0.020855,0.061661,-0.004757,-0.997868,-4.422018,0.115052,-0.088535,0.056294
71,0.591667,0.020855,0.061661,-0.004757,-0.997868,-4.422018,0.115052,-0.088535,0.056294
72,0.600000,0.020855,0.061661,-0.004757,-0.997868,-4.422018,0.115052,-0.088535,0.056294
73,0.608333,0.020855,0.061661,-0.004757,-0.997868,-4.422018,0.115052,-0.088535,0.056294
74,0.616667,0.020855,0.061661,-0.004757,-0.997868,-4.422018,0.115052,-0.088535,0.056294
75,0.625000,0.020855,0.061661,-0.004757,-0.997868,-4.422018,0.115052,-0.088535,0.056294
76,0.633333,0.020855,0.061661,-0.004757,-0.997868,-4.422018,0.115052,-0.088535,0.056294
77,0.641667,0.020855,0.061661,-0.004757,-0.997868,-4.422018,0.115052,-0.088535,0.056294
78,0.650000,0.020855,0.061661,-0.004757,-0.997868,-4.422018,0.115052,-0.088535,0.056294
79,0.658333,0.020855,0.061661,-0.004757,-0.997868,-4.422018,0.115052,-0.088535,0.056294
80,0.666667,0.020855,0.061661,-0.004757,-0.997868,-4.422018,0.115052,-0.088535,0.056294
81,0.675000,0.020855,0.061661,-0.004757,-0.997868,-4.422018,0.115052,-0.088535,0.056294
82,0.683333,0.020855,0.061661,-0.004757,-0.997868,-4.422018,0.115052,-0.088535,0.056294
83,0.691667,0.020855,0.061661,-0.004757,-0.997868,-4.422018,0.115052,-0.088535,0.056294
84,0.700000,0.020855,0.061661,-0.004757,-0.997868,-4.422018,0.115052,-0.088535,0.056294
85,0.708333,0.020855,0.061661,-0.004757,-0.997868,-4.422018,0.115052,-0.088535,0.056294
86,0.716667,0.020855,0.061661,-0.004757,-0.997868,-4.422018,0.115052,-0.088535,0.056294
87,0.725000,0.020855,0.061661,-0.004757,-0.997868,-4.422018,0.115052,-0.088535,0.056294
88,0.733333,0.020855,0.061661,-0.004757,-0.997868,-4.422018,0.115052,-0.088535,0.056294
89,0.741667,0.020855,0.061661,-0.004757,-0.997868,-4.422018,0.115052,-0.088535,0.056294
90,0.750000,0.020855,0.061661,-0.004757,-0.997868,-4.422018,0.115052,-0.088535,0.056294
91,0.758333,0.020855,0.061661,-0.004757,-0.997868,-4.422018,0.115052,-0.088535,0.056294
92,0.766667,0.020855,0.061661,-0.004757,-0.997868,-4.422018,0.115052,-0.088535,0.056294
93,0.775000,0.020855,0.061661,-0.004757,-0.997868,-4.422018,0.115052,-0.088535,0.056294
94,0.783333,0.020855,0.061661,-0.004757,-0.997868,-4.422018,0.115052,-0.088535,0.056294
95,0.791667,0.020855,0.061661,-0.004757,-0.997868,-4.422018,0.115052,-0.088535,0.056294
96,0.800000,0.020855,0.061661,-0.004757,-0.997868,-4.422018,0.115052,-0.088535,0.056294
97,0.808333,0.020855,0.061661,-0.004757,-0.997868,-4.422018,0.115052,-0.088535,0.056294
98,0.816667,0.020855,0.061661,-0.004757,-0.997868,-4.422018,0.115052,-0.088535,0.056294
99,0.825000,0.020855,0.061661,-0.004757,-0.997868,-4.422018,0.115052,-0.088535,0.056294
100,0.833333,0.020855,0.061661,-0.004757,-0.997868,-4.422018,0.115052,-0.088535,0.056294
101,0.841667,0.020855,0.061661,-0.004757,-0.997868,-4.422018,0.115052,-0.088535,0.056294
102,0.850000,0.020855,0.061661,-0.004757,-0.997868,-4.422018,0.115052,-0.088535,0.056294
103,0.858333,0.020855,0.061661,-0.004757,-0.997868,-4.422018,0.115052,-0.088535,0.056294
104,0.866667,0.020855,0.061661,-0.004757,-0.997868,-4.422018,0.115052,-0.088535,0.056294
105,0.875000,0.020855,0.061661,-0.004757,-0.997868,-4.422018,0.115052,-0.088535,0.056294
106,0.883333,0.020855,0.061661,-0.004757,-0.997868,-4.422018,0.115052,-0.088535,0.056294
107,0.891667,0.020855,0.061661,-0.004757,-0.997868,-4.422018,0.115052,-0.088535,0.056294
108,0.900000,0.020855,0.061661,-0.004757,-0.997868,-4.422018,0.115052,-0.088535,0.056294
109,0.908333,0.020855,0.061661,-0.004757,-0.997868,-4.422018,0.115052,-0.088535,0.056294
110,0.916667,0.020855,0.061661,-0.004757,-0.997868,-4.422018,0.115052,-0.088535,0.056294
111,0.925000,0.020855,0.061661,-0.004757,-0.997868,-4.422018,0.115052,-0.088535,0.056294
112,0.933333,0.020855,0.061661,-0.004757,-0.997868,-4.422018,0.115052,-0.088535,0.056294
113,0.941667,0.020855,0.061661,-0.004757,-0.997868,-4.422018,0.115052,-0.088535,0.056294
114,0.950000,0.020855,0.061661,-0.004757,-0.997868,-4.422018,0.115052,-0.088535,0.056294
115,0.958333,0.020855,0.061661,-0.004757,-0.997868,-4.422018,0.115052,-0.088535,0.056294
116,0.966667,0.020855,0.061661,-0.004757,-0.997868,-4.422018,0.115052,-0.088535,0.056294
117,0.975000,0.020855,0.061661,-0.004757,-0.997868,-4.422018,0.115052,-0.088535,0.056294
118,0.983333,0.020855,0.061661,-0.004757,-0.997868,-4.422018,0.115052,-0.088535,0.056294
119,0.991667,0.020855,0.061661,-0.004757,-0.997868,-4.422018,0.115052,-0.088535,0.056294
120,1.000000,0.020855,0.061661,-0.004757,-0.997868,-4.422018,0.115052,-0.088535,0.056294
121,1.008333,0.020855,0.061661,-0.004757,-0.997868,-4.422018,0.115052,-0.088535,0.056294
122,1.016667,0.020855,0.061661,-0.004757,-0.997868,-4.422018,0.115052,-0.088535,0.056294
123,1.025000,0.020855,0.061661,-0.004757,-0.997868,-4.422018,0.115052,-0.088535,0.056294
124,1.033333,0.020855,0.061661,-0.004757,-0.997868,-4.422018,0.115052,-0.088535,0.056294
125,1.041667,0.020855,0.061661,-0.004757,-0.997868,-4.422018,0.115052,-0.088535,0.056294
126,1.050000,0.020855,0.061661,-0.004757,-0.997868,-4.422018,0.115052,-0.088535,0.056294
127,1.058333,0.020855,0.061661,-0.004757,-0.997868,-4.422018,0.115052,-0.088535,0.056294
128,1.066667,0.020855,0.061661,-0.004757,-0.997868,-4.422018,0.115052,-0.088535,0.056294
129,1.075000,0.020855,0.061661,-0.004757,-0.997868,-4.422018,0.115052,-0.088535,0.056294
130,1.083333,0.020855,0.061661,-0.004757,-0.997868,-4.422018,0.115052,-0.088535,0.056294
131,1.091667,0.020855,0.061661,-0.004757,-0.997868,-4.422018,0.115052,-0.088535,0.056294
132,1.100000,0.020855,0.061661,-0.004757,-0.997868,-4.422018,0.115052,-0.088535,0.056294
133,1.108333,0.020855,0.061661,-0.004757,-0.997868,-4.422018,0.115052,-0.088535,0.056294
134,1.116667,0.020855,0.061661,-0.004757,-0.997868,-4.422018,0.115052,-0.088535,0.056294
135,1.125000,0.020855,0.061661,-0.004757,-0.997868,-4.422018,0.115052,-0.088535,0.056294
136,1.133333,0.020855,0.061661,-0.004757,-0.997868,-4.422018,0.115052,-0.088535,0.056294
137,1.141667,0.020855,0.061661,-0.004757,-0.997868,-4.422018,0.115052,-0.088535,0.056294
138,1.150000,0.020855,0.061661,-0.004757,-0.997868,-4.422018,0.115052,-0.088535,0.056294
139,1.158333,0.020855,0.061661,-0.004757,-0.997868,-4.422018,0.115052,-0.088535,0.056294
140,1.166667,0.020855,0.061661,-0.004757,-0.997868,-4.422018,0.115052,-0.088535,0.056294
141,1.175000,0.020855,0.061661,-0.004757,-0.997868,-4.422018,0.115052,-0.088535,0.056294
142,1.183333,0.020855,0.061661,-0.004757,-0.997868,-4.422018,0.115052,-0.088535,0.056294
143,1.191667,0.020855,0.061661,-0.004757,-0.997868,-4.422018,0.115052,-0.088535,0.056294
144,1.200000,0.020855,0.061661,-0.004757,-0.997868,-4.422018,0.115052,-0.088535,0.056294
145,1.208333,0.020855,0.061661,-0.004757,-0.997868,-4.422018,0.115052,-0.088535,0.056294
146,1.216667,0.020855,0.061661,-0.004757,-0.997868,-4.422018,0.115052,-0.088535,0.056294
147,1.225000,0.020855,0.061661,-0.004757,-0.997868,-4.422018,0.115052,-0.088535,0.056294
148,1.233333,0.020855,0.061661,-0.004757,-0.997868,-4.422018,0.115052,-0.088535,0.056294
149,1.241667,0.020855,0.061661,-0.004757,-0.997868,-4.422018,0.115052,-0.088535,0.056294
150,1.250000,0.020855,0.061661,-0.004757,-0.997868,-4.422018,0.115052,-0.088535,0.056294
151,1.258333,0.020855,0.061661,-0.004757,-0.997868,-4.422018,0.115052,-0.088535,0.056294
152,1.266667,0.020855,0.061661,-0.004757,-0.997868,-4.422018,0.115052,-0.088535,0.056294
153,1.275000,0.020855,0.061661,-0.004757,-0.997868,-4.422018,0.115052,-0.088535,0.056294
154,1.283333,0.020855,0.061661,-0.004757,-0.997868,-4.422018,0.115052,-0.088535,0.056294
155,1.291667,0.020855,0.061661,-0.004757,-0.997868,-4.422018,0.115052,-0.088535,0.056294
156,1.300000,0.020855,0.061661,-0.004757,-0.997868,-4.422018,0.115052,-0.088535,0.056294
157,1.308333,0.020855,0.061661,-0.004757,-0.997868,-4.422018,0.115052,-0.088535,0.056294
158,1.316667,0.020855,0.061661,-0.004757,-0.997868,-4.422018,0.115052,-0.088535,0.056294
159,1.325000,0.020855,0.061661,-0.004757,-0.997868,-4.422018,0.115052,-0.088535,0.056294
160,1.333333,0.020855,0.061661,-0.004757,-0.997868,-4.422018,0.115052,-0.088535,0.056294
161,1.341667,0.020855,0.061661,-0.004757,-0.997868,-4.422018,0.115052,-0.088535,0.056294
162,1.350000,0.020855,0.061661,-0.004757,-0.997868,-4.422018,0.115052,-0.088535,0.056294
163,1.358333,0.020855,0.061661,-0.004757,-0.997868,-4.422018,0.115052,-0.088535,0.056294
164,1.366667,0.020855,0.061661,-0.004757,-0.997868,-4.422018,0.115052,-0.088535,0.056294
165,1.375000,0.020855,0.061661,-0.004757,-0.997868,-4.422018,0.115052,-0.088535,0.056294
166,1.383333,0.020855,0.061661,-0.004757,-0.997868,-4.422018,0.115052,-0.088535,0.056294
167,1.391667,0.020855,0.061661,-0.004757,-0.997868,-4.422018,0.115052,-0.088535,0.056294
168,1.400000,0.020855,0.061661,-0.004757,-0.997868,-4.422018,0.115052,-0.088535,0.056294
169,1.408333,0.020855,0.061661,-0.004757,-0.997868,-4.422018,0.115052,-0.088535,0.056294
170,1.416667,0.020855,0.061661,-0.004757,-0.997868,-4.422018,0.115052,-0.088535,0.056294
171,1.425000,0.020855,0.061661,-0.004757,-0.997868,-4.422018,0.115052,-0.088535,0.056294
172,1.433333,0.020855,0.061661,-0.004757,-0.997868,-4.422018,0.115052,-0.088535,0.056294
173,1.441667,0.020855,0.061661,-0.004757,-0.997868,-4.422018,0.115052,-0.088535,0.056294
174,1.450000,0.020855,0.061661,-0.004757,-0.997868,-4.422018,0.115052,-0.088535,0.056294
175,1.458333,0.020855,0.061661,-0.004757,-0.997868,-4.422018,0.115052,-0.088535,0.056294
176,1.466667,0.020855,0.061661,-0.004757,-0.997868,-4.422018,0.115052,-0.088535,0.056294
177,1.475000,0.020855,0.061661,-0.004757,-0.997868,-4.422018,0.115052,-0.088535,0.056294
178,1.483333,0.020855,0.061661,-0.004757,-0.997868,-4.422018,0.115052,-0.088535,0.056294
179,1.491667,0.020855,0.061661,-0.004757,-0.997868,-4.422018,0.115052,-0.088535,0.056294
180,1.500000,0.020855,0.061661,-0.004757,-0.997868,-4.422018,0.115052,-0.088535,0.056294
181,1.508333,0.020855,0.061661,-0.004757,-0.997868,-4.422018,0.115052,-0.088535,0.056294
182,1.516667,0.020855,0.061661,-0.004757,-0.997868,-4.422018,0.115052,-0.088535,0.056294
183,1.525000,0.020855,0.061661,-0.004757,-0.997868,-4.422018,0.115052,-0.088535,0.056294
184,1.533333,0.020855,0.061661,-0.004757,-0.997868,-4.422018,0.115052,-0.088535,0.056294
185,1.541667,0.020855,0.061661,-0.004757,-0.997868,-4.422018,0.115052,-0.088535,0.056294
186,1.550000,0.020855,0.061661,-0.004757,-0.997868,-4.422018,0.115052,-0.088535,0.056294
187,1.558333,0.020855,0.061661,-0.004757,-0.997868,-4.422018,0.115052,-0.088535,0.056294
188,1.566667,0.020855,0.061661,-0.004757,-0.997868,-4.422018,0.115052,-0.088535,0.056294
189,1.575000,0.020855,0.061661,-0.004757,-0.997868,-4.422018,0.115052,-0.088535,0.056294
190,1.583333,0.020855,0.061661,-0.004757,-0.997868,-4.422018,0.115052,-0.088535,0.056294
191,1.591667,0.020855,0.061661,-0.004757,-0.997868,-4.422018,0.115052,-0.088535,0.056294
192,1.600000,0.020855,0.061661,-0.004757,-0.997868,-4.422018,0.115052,-0.088535,0.056294
193,1.608333,0.020855,0.061661,-0.004757,-0.997868,-4.422018,0.115052,-0.088535,0.056294
194,1.616667,0.020855,0.061661,-0.004757,-0.997868,-4.422018,0.115052,-0.088535,0.056294
195,1.625000,0.020855,0.061661,-0.004757,-0.997868,-4.422018,0.115052,-0.088535,0.056294
196,1.633333,0.020855,0.061661,-0.004757,-0.997868,-4.422018,0.115052,-0.088535,0.056294
197,1.641667,0.020855,0.061661,-0.004757,-0.997868,-4.422018,0.115052,-0.088535,0.056294
198,1.650000,0.020855,0.061661,-0.004757,-0.997868,-4.422018,0.115052,-0.088535,0.056294
199,1.658333,0.020855,0.061661,-0.004757,-0.997868,-4.422018,0.115052,-0.088535,0.056294
200,1.666667,0.020855,0.061661,-0.004757,-0.997868,-4.422018,0.115052,-0.088535,0.056294
201,1.675000,0.020855,0.061661,-0.004757,-0.997868,-4.422018,0.115052,-0.088535,0.056294
202,1.683333,0.020855,0.061661,-0.004757,-0.997868,-4.422018,0.115052,-0.088535,0.056294
203,1.691667,0.020855,0.061661,-0.004757,-0.997868,-4.422018,0.115052,-0.088535,0.056294
204,1.700000,0.020855,0.061661,-0.004757,-0.997868,-4.422018,0.115052,-0.088535,0.056294
205,1.708333,0.020855,0.061661,-0.004757,-0.997868,-4.422018,0.115052,-0.088535,0.056294
206,1.716667,0.020855,0.061661,-0.004757,-0.997868,-4.422018,0.115052,-0.088535,0.056294
207,1.725000,0.020855,0.061661,-0.004757,-0.997868,-4.422018,0.115052,-0.088535,0.056294
208,1.733333,0.020855,0.061661,-0.004757,-0.997868,-4.422018,0.115052,-0.088535,0.056294
209,1.741667,0.020855,0.061661,-0.004757,-0.997868,-4.422018,0.115052,-0.088535,0.056294
210,1.750000,0.020855,0.061661,-0.004757,-0.997868,-4.422018,0.115052,-0.088535,0.056294
211,1.758333,0.020855,0.061661,-0.004757,-0.997868,-4.422018,0.115052,-0.088535,0.056294
212,1.766667,0.020855,0.061661,-0.004757,-0.997868,-4.422018,0.115052,-0.088535,0.056294
213,1.775000,0.020855,0.061661,-0.004757,-0.997868,-4.422018,0.115052,-0.088535,0.056294
214,1.783333,0.020855,0.061661,-0.004757,-0.997868,-4.422018,0.115052,-0.088535,0.056294
215,1.791667,0.020855,0.061661,-0.004757,-0.997868,-4.422018,0.115052,-0.088535,0.056294
216,1.800000,0.020855,0.061661,-0.004757,-0.997868,-4.422018,0.115052,-0.088535,0.056294
217,1.808333,0.020855,0.061661,-0.004757,-0.997868,-4.422018,0.115052,-0.088535,0.056294
218,1.816667,0.020855,0.061661,-0.004757,-0.997868,-4.422018,0.115052,-0.088535,0.056294
219,1.825000,0.020855,0.061661,-0.004757,-0.997868,-4.422018,0.115052,-0.088535,0.056294
220,1.833333,0.020855,0.061661,-0.004757,-0.997868,-4.422018,0.115052,-0.088535,0.056294
221,1.841667,0.020855,0.061661,-0.004757,-0.997868,-4.422018,0.115052,-0.088535,0.056294
222,1.850000,0.020855,0.061661,-0.004757,-0.997868,-4.422018,0.115052,-0.088535,0.056294
223,1.858333,0.020855,0.061661,-0.004757,-0.997868,-4.422018,0.115052,-0.088535,0.056294
224,1.866667,0.020855,0.061661,-0.004757,-0.997868,-4.422018,0.115052,-0.088535,0.056294
225,1.875000,0.020855,0.061661,-0.004757,-0.997868,-4.422018,0.115052,-0.088535,0.056294
226,1.883333,0.020855,0.061661,-0.004757,-0.997868,-4.422018,0.115052,-0.088535,0.056294
227,1.891667,0.020855,0.061661,-0.004757,-0.997868,-4.422018,0.115052,-0.088535,0.056294
228,1.900000,0.020855,0.061661,-0.004757,-0.997868,-4.422018,0.115052,-0.088535,0.056294
229,1.908333,0.020855,0.061661,-0.004757,-0.997868,-4.422018,0.115052,-0.088535,0.056294
230,1.916667,0.020855,0.061661,-0.004757,-0.997868,-4.422018,0.115052,-0.088535,0.056294
231,1.925000,0.020855,0.061661,-0.004757,-0.997868,-4.422018,0.115052,-0.088535,0.056294
232,1.933333,0.020855,0.061661,-0.004757,-0.997868,-4.422018,0.115052,-0.088535,0.056294
233,1.941667,0.020855,0.061661,-0.004757,-0.997868,-4.422018,0.115052,-0.088535,0.056294
234,1.950000,0.020855,0.061661,-0.004757,-0.997868,-4.422018,0.115052,-0.088535,0.056294
235,1.958333,0.020855,0.061661,-0.004757,-0.997868,-4.422018,0.115052,-0.088535,0.056294
236,1.966667,0.020855,0.061661,-0.004757,-0.997868,-4.422018,0.115052,-0.088535,0.056294
237,1.975000,0.020855,0.061661,-0.004757,-0.997868,-4.422018,0.115052,-0.088535,0.056294
238,1.983333,0.020855,0.061661,-0.004757,-0.997868,-4.422018,0.115052,-0.088535,0.056294
239,1.991667,0.020855,0.061661,-0.004757,-0.997868,-4.422018,0.115052,-0.088535,0.056294
240,2.000000,0.020855,0.061661,-0.004757,-0.997868,-4.422018,0.115052,-0.088535,0.056294
241,2.008333,0.020855,0.061661,-0.004757,-0.997868,-4.422018,0.115052,-0.088535,0.056294
242,2.016667,0.020855,0.061661,-0.004757,-0.997868,-4.422018,0.115052,-0.088535,0.056294
243,2.025000,0.020855,0.061661,-0.004757,-0.997868,-4.422018,0.115052,-0.088535,0.056294
244,2.033333,0.020855,0.061661,-0.004757,-0.997868,-4.422018,0.115052,-0.088535,0.056294
245,2.041667,0.020855,0.061661,-0.004757,-0.997868,-4.422018,0.115052,-0.088535,0.056294
246,2.050000,0.020855,0.061661,-0.004757,-0.997868,-4.422018,0.115052,-0.088535,0.056294
247,2.058333,0.020855,0.061661,-0.004757,-0.997868,-4.422018,0.115052,-0.088535,0.056294
248,2.066667,0.020855,0.061661,-0.004757,-0.997868,-4.422018,0.115052,-0.088535,0.056294
249,2.075000,0.020855,0.061661,-0.004757,-0.997868,-4.422018,0.115052,-0.088535,0.056294
250,2.083333,0.020855,0.061661,-0.004757,-0.997868,-4.422018,0.115052,-0.088535,0.056294
251,2.091667,0.020855,0.061661,-0.004757,-0.997868,-4.422018,0.115052,-0.088535,0.056294
252,2.100000,0.020855,0.061661,-0.004757,-0.997868,-4.422018,0.115052,-0.088535,0.056294
253,2.108333,0.020855,0.061661,-0.004757,-0.997868,-4.422018,0.115052,-0.088535,0.056294
254,2.116667,0.020855,0.061661,-0.004757,-0.997868,-4.422018,0.115052,-0.088535,0.056294
255,2.125000,0.020855,0.061661,-0.004757,-0.997868,-4.422018,0.115052,-0.088535,0.056294
256,2.133333,0.020855,0.061661,-0.004757,-0.997868,-4.422018,0.115052,-0.088535,0.056294
257,2.141667,0.020855,0.061661,-0.004757,-0.997868,-4.422018,0.115052,-0.088535,0.056294
258,2.150000,0.020855,0.061661,-0.004757,-0.997868,-4.422018,0.115052,-0.088535,0.056294
259,2.158333,0.020855,0.061661,-0.004757,-0.997868,-4.422018,0.115052,-0.088535,0.056294
260,2.166667,0.020855,0.061661,-0.004757,-0.997868,-4.422018,0.115052,-0.088535,0.056294
261,2.175000,0.020855,0.061661,-0.004757,-0.997868,-4.422018,0.115052,-0.088535,0.056294
262,2.183333,0.020855,0.061661,-0.004757,-0.997868,-4.422018,0.115052,-0.088535,0.056294
263,2.191667,0.020855,0.061661,-0.004757,-0.997868,-4.422018,0.115052,-0.088535,0.056294
264,2.200000,0.020855,0.061661,-0.004757,-0.997868,-4.422018,0.115052,-0.088535,0.056294
265,2.208333,0.012391,0.071557,-0.007228,-0.997333,-4.212943,0.115943,-0.068281,0.001429
266,2.216667,0.007755,0.069999,-0.011151,-0.997455,-4.189096,0.116538,-0.066040,0.001427
267,2.225000,0.006975,0.072263,-0.010670,-0.997304,-4.165635,0.116655,-0.063588,0.001269
268,2.233333,0.006346,0.072641,-0.013632,-0.997245,-4.142268,0.116821,-0.060970,0.001369
269,2.241667,0.003143,0.074115,-0.013915,-0.997148,-4.118806,0.116751,-0.058062,0.001345
270,2.250000,0.010852,0.075166,-0.011211,-0.997049,-4.095193,0.116531,-0.055054,0.001418
271,2.258333,0.004170,0.076211,-0.012914,-0.996999,-4.071091,0.117099,-0.052275,0.001391
272,2.266667,0.005152,0.079120,-0.009121,-0.996810,-4.047179,0.117245,-0.049325,0.001259
273,2.275000,0.006778,0.077784,-0.012294,-0.996871,-4.023140,0.117605,-0.046624,0.001405
274,2.283333,0.003724,0.081580,-0.009575,-0.996614,-3.999432,0.117508,-0.043439,0.001248
275,2.291667,0.009727,0.082885,-0.007171,-0.996486,-3.975632,0.117119,-0.040230,0.001266
276,2.300000,0.001150,0.084610,-0.010294,-0.996360,-3.951358,0.117305,-0.037010,0.001221
277,2.308333,0.003208,0.085790,-0.008509,-0.996272,-3.927009,0.117475,-0.033786,0.001261
278,2.316667,0.010507,0.086694,-0.005000,-0.996167,-3.902749,0.117485,-0.030639,0.001337
279,2.325000,0.023073,0.083836,-0.036186,-0.995555,-3.878988,0.119554,-0.027803,0.009592
280,2.333333,-0.042317,0.097989,-0.012963,-0.994203,-3.852731,0.120801,-0.024916,0.010309
281,2.341667,0.006695,0.091348,-0.007653,-0.995767,-3.830596,0.117889,-0.020073,0.001196
282,2.350000,-0.001082,0.092304,-0.011670,-0.995662,-3.806362,0.117978,-0.016339,0.001121
283,2.358333,0.012103,0.093241,-0.007429,-0.995542,-3.782146,0.117433,-0.012775,0.009721
284,2.366667,0.006761,0.094011,-0.008301,-0.995514,-3.757362,0.117990,-0.009433,0.001229
285,2.375000,0.003309,0.095343,-0.009734,-0.995391,-3.732728,0.118505,-0.005808,0.001199
286,2.383333,0.001904,0.096116,-0.010229,-0.995316,-3.708397,0.118743,-0.001942,0.001149
287,2.391667,-0.017287,0.097448,-0.015788,-0.994965,-3.683446,0.119595,0.001719,0.002101
288,2.400000,0.004888,0.099030,-0.010737,-0.995015,-3.659696,0.118442,0.006335,0.001315
289,2.408333,-0.018382,0.099964,-0.014252,-0.994719,-3.634323,0.119524,0.009977,0.001863
290,2.416667,0.005513,0.100728,-0.006470,-0.994878,-3.609852,0.118587,0.014230,0.001181
291,2.425000,0.005574,0.102339,-0.006498,-0.994713,-3.585003,0.118825,0.018242,0.001213
292,2.433333,0.002797,0.102435,-0.008536,-0.994699,-3.560317,0.118944,0.022498,0.001273
293,2.441667,0.000279,0.106327,-0.005020,-0.994319,-3.535895,0.118783,0.027045,0.000827
294,2.450000,0.000712,0.108296,-0.005627,-0.994103,-3.511331,0.118648,0.031587,0.000898
295,2.458333,0.004609,0.107469,-0.003942,-0.994190,-3.486698,0.118479,0.035970,0.000933
296,2.466667,0.008876,0.109468,-0.004168,-0.993942,-3.461735,0.118401,0.040279,0.001145
297,2.475000,0.005817,0.110439,-0.007107,-0.993840,-3.436927,0.118502,0.044679,0.001206
298,2.483333,0.003862,0.110973,-0.006631,-0.993794,-3.412086,0.118510,0.049299,0.001169
299,2.491667,-0.000049,0.112985,-0.010421,-0.993542,-3.387385,0.118413,0.054252,0.001179
300,2.500000,0.000971,0.114958,-0.009898,-0.993321,-3.362457,0.118446,0.059134,0.001127
301,2.508333,0.002421,0.115120,-0.007417,-0.993321,-3.337277,0.118592,0.063886,0.001173
302,2.516667,0.001592,0.114219,-0.008327,-0.993419,-3.311862,0.118872,0.068485,0.001226
303,2.525000,0.002815,0.114833,-0.009482,-0.993336,-3.286860,0.119093,0.073322,0.001250
304,2.533333,0.004389,0.116047,-0.009963,-0.993184,-3.261954,0.119131,0.078367,0.001214
305,2.541667,0.004434,0.117147,-0.010012,-0.993054,-3.237095,0.119122,0.083589,0.001218
306,2.550000,0.001244,0.118100,-0.011051,-0.992939,-3.211911,0.119252,0.088729,0.001221
307,2.558333,-0.003576,0.117258,-0.013727,-0.993000,-3.186529,0.119685,0.093810,0.001237
308,2.566667,0.003108,0.118612,-0.010318,-0.992882,-3.161114,0.119914,0.099014,0.001212
309,2.575000,0.003986,0.119418,-0.010402,-0.992782,-3.135979,0.119981,0.104146,0.001227
310,2.583333,-0.000672,0.119673,-0.013524,-0.992721,-3.110879,0.119977,0.109635,0.001257
311,2.591667,0.001095,0.121527,-0.012553,-0.992508,-3.085657,0.120232,0.115139,0.001167
312,2.600000,0.003831,0.122103,-0.011156,-0.992447,-3.060157,0.120370,0.120353,0.001278
313,2.608333,-0.001169,0.121488,-0.013265,-0.992504,-3.034574,0.120948,0.125604,0.001185
314,2.616667,0.002381,0.122530,-0.014299,-0.992359,-3.009183,0.121058,0.130963,0.001256
315,2.625000,0.003675,0.123285,-0.013227,-0.992276,-2.983858,0.121263,0.136607,0.001278
316,2.633333,-0.000734,0.123504,-0.015051,-0.992230,-2.958506,0.121252,0.142366,0.001217
317,2.641667,-0.014324,0.124617,-0.019386,-0.991912,-2.932713,0.121919,0.148157,0.001357
318,2.650000,0.002129,0.125454,-0.011724,-0.992028,-2.907104,0.121702,0.153907,0.001307
319,2.658333,0.003710,0.125865,-0.010191,-0.991988,-2.881238,0.122042,0.159530,0.001242
320,2.666667,0.004329,0.127595,-0.011000,-0.991756,-2.855655,0.122227,0.165376,0.001206
321,2.675000,0.004408,0.128267,-0.011644,-0.991662,-2.830144,0.122470,0.171286,0.001304
322,2.683333,0.003132,0.129648,-0.010803,-0.991496,-2.804574,0.122552,0.177466,0.001196
323,2.691667,-0.000033,0.130437,-0.012462,-0.991378,-2.778794,0.122645,0.183283,0.001287
324,2.700000,0.015860,0.130202,-0.004655,-0.991350,-2.752866,0.122174,0.188921,0.001509
325,2.708333,-0.008080,0.132876,-0.012774,-0.991017,-2.726618,0.123505,0.195159,0.001449
326,2.716667,0.001539,0.133787,-0.011468,-0.990943,-2.701160,0.123010,0.201486,0.001211
327,2.725000,0.002757,0.135836,-0.010716,-0.990669,-2.675585,0.123142,0.208012,0.001219
328,2.733333,-0.024042,0.135431,-0.021464,-0.990262,-2.649383,0.124117,0.214001,0.001819
329,2.741667,0.011105,0.136219,-0.006366,-0.990596,-2.623863,0.122797,0.220268,0.001546
330,2.750000,-0.010200,0.138121,-0.013394,-0.990272,-2.597506,0.124263,0.226599,0.001387
331,2.758333,0.011758,0.137061,-0.006242,-0.990473,-2.572054,0.123162,0.232663,0.001539
332,2.766667,-0.009452,0.140198,-0.014158,-0.989977,-2.546108,0.124262,0.239438,0.001408
333,2.775000,-0.004425,0.140355,-0.010720,-0.990033,-2.520944,0.124049,0.246262,0.001137
334,2.783333,-0.005712,0.142027,-0.011842,-0.989775,-2.495595,0.123996,0.252696,0.001251
335,2.791667,-0.010949,0.143999,-0.011411,-0.989451,-2.470081,0.124578,0.259362,0.001249
336,2.800000,-0.012843,0.143458,-0.013075,-0.989487,-2.445293,0.124938,0.265345,0.001402
337,2.808333,-0.006632,0.147897,-0.015370,-0.988861,-2.420482,0.124498,0.271695,0.001450
338,2.816667,-0.007454,0.146946,-0.013389,-0.989026,-2.396017,0.124871,0.278185,0.001250
339,2.825000,-0.008671,0.146498,-0.012930,-0.989089,-2.371576,0.125129,0.284401,0.001334
340,2.833333,-0.010153,0.148227,-0.013511,-0.988809,-2.346903,0.125123,0.291006,0.001238
341,2.841667,0.022950,0.147704,-0.004740,-0.988754,-2.322723,0.123923,0.296688,0.001682
342,2.850000,-0.009340,0.149609,-0.016156,-0.988569,-2.298382,0.125698,0.303542,0.001507
343,2.858333,-0.007706,0.151715,-0.016856,-0.988251,-2.274477,0.125549,0.310240,0.001506
344,2.866667,-0.004860,0.151612,-0.016571,-0.988289,-2.250710,0.125599,0.316765,0.001460
345,2.875000,-0.004215,0.152250,-0.015247,-0.988215,-2.226857,0.125698,0.323090,0.001631
346,2.883333,-0.018761,0.151289,-0.021389,-0.988080,-2.202845,0.125924,0.329886,0.001353
347,2.891667,-0.012453,0.150442,-0.013359,-0.988450,-2.179152,0.126346,0.336402,0.001145
348,2.900000,-0.010826,0.150697,-0.013350,-0.988431,-2.155896,0.126896,0.342930,0.001105
349,2.908333,-0.007736,0.152440,-0.014812,-0.988172,-2.132787,0.126870,0.349041,0.001313
350,2.916667,0.012597,0.151467,-0.016411,-0.988246,-2.110115,0.125423,0.355018,0.001268
351,2.925000,0.012169,0.148561,-0.017322,-0.988677,-2.087048,0.126407,0.361492,0.001886
352,2.933333,0.012839,0.148121,-0.014342,-0.988782,-2.063633,0.126632,0.368033,0.001820
353,2.941667,-0.003634,0.152243,-0.012957,-0.988251,-2.040091,0.127794,0.375021,0.001447
354,2.950000,0.004989,0.152192,-0.014321,-0.988235,-2.017691,0.126948,0.381158,0.001614
355,2.958333,0.008190,0.151224,-0.017437,-0.988312,-1.995180,0.127443,0.387579,0.001963
356,2.966667,0.011382,0.149977,-0.015635,-0.988500,-1.972779,0.127685,0.394201,0.001850
357,2.975000,-0.011498,0.153437,-0.015259,-0.987974,-1.949830,0.128345,0.400995,0.001233
358,2.983333,-0.008397,0.156318,-0.012182,-0.987596,-1.926868,0.128964,0.407948,0.001247
359,2.991667,0.004862,0.153798,-0.011262,-0.988026,-1.904718,0.127774,0.413649,0.001565
360,3.000000,0.015973,0.149140,-0.008944,-0.988647,-1.882437,0.128545,0.420061,0.001648
361,3.008333,0.016081,0.148827,-0.010110,-0.988681,-1.860780,0.128821,0.426434,0.001713
362,3.016667,-0.027980,0.152094,-0.005110,-0.987957,-1.838515,0.128300,0.433307,0.001549
363,3.025000,-0.017851,0.157621,-0.017335,-0.987186,-1.816944,0.129346,0.439745,0.001135
364,3.033333,0.003935,0.156418,-0.006499,-0.987662,-1.795284,0.128580,0.445881,0.001108
365,3.041667,-0.020764,0.150337,0.002207,-0.988414,-1.772825,0.128905,0.452597,0.001150
366,3.050000,-0.004199,0.156054,-0.008333,-0.987704,-1.751653,0.129707,0.458815,0.000927
367,3.058333,-0.011358,0.155457,-0.013647,-0.987683,-1.730508,0.130419,0.465261,0.000954
368,3.066667,0.004800,0.148351,-0.018719,-0.988746,-1.709277,0.129644,0.471081,0.001455
369,3.075000,-0.015454,0.152145,-0.028059,-0.987839,-1.687806,0.130881,0.477918,0.001288
370,3.083333,0.007109,0.155732,-0.005940,-0.987756,-1.667399,0.129901,0.483894,0.000770
371,3.091667,-0.006398,0.156061,-0.020363,-0.987517,-1.645468,0.131525,0.490712,0.001141
372,3.100000,-0.013313,0.152851,-0.023180,-0.987888,-1.624466,0.132111,0.496507,0.001235
373,3.108333,0.005625,0.156523,-0.006421,-0.987638,-1.604545,0.130649,0.502736,0.007180
374,3.116667,0.002040,0.156995,-0.010847,-0.987538,-1.583953,0.130726,0.508712,0.000719
375,3.125000,-0.020073,0.157305,-0.020991,-0.987123,-1.563076,0.131719,0.514625,0.000939
376,3.133333,-0.016698,0.153953,-0.028499,-0.987526,-1.541984,0.132230,0.521795,0.000893
377,3.141667,-0.029848,0.159613,-0.015157,-0.986612,-1.521910,0.132944,0.527211,0.001471
378,3.150000,-0.032677,0.156561,-0.022182,-0.986878,-1.501404,0.132522,0.533127,0.001679
379,3.158333,-0.019023,0.147439,-0.033329,-0.988326,-1.481094,0.133445,0.538282,0.008803
380,3.166667,-0.032338,0.157807,-0.021668,-0.986702,-1.461100,0.132893,0.545437,0.001642
381,3.175000,-0.023396,0.156605,-0.028895,-0.986961,-1.441400,0.133445,0.550984,0.002073
382,3.183333,-0.018330,0.163762,-0.010176,-0.986277,-1.421592,0.133633,0.556991,0.001212
383,3.191667,-0.025079,0.162235,-0.017442,-0.986279,-1.402051,0.133406,0.563191,0.001647
384,3.200000,-0.047266,0.148421,-0.048799,-0.986588,-1.381256,0.133224,0.570621,0.001768
385,3.208333,-0.025191,0.152406,-0.031951,-0.987480,-1.362261,0.131436,0.576245,0.001712
386,3.216667,0.014294,0.167535,0.002590,-0.985759,-1.342949,0.133465,0.580806,0.002126
387,3.225000,-0.010198,0.167358,-0.009461,-0.985798,-1.324138,0.132322,0.587359,0.001558
388,3.233333,0.009786,0.170329,0.005399,-0.985324,-1.304570,0.133360,0.593149,0.001587
389,3.241667,-0.019057,0.167302,-0.010127,-0.985669,-1.285125,0.134233,0.599839,0.001318
390,3.250000,-0.022673,0.165094,-0.010477,-0.985961,-1.266119,0.134464,0.605465,0.001227
391,3.258333,-0.003361,0.166700,0.005406,-0.985987,-1.247183,0.133172,0.611643,0.001189
392,3.266667,0.023843,0.169895,0.025887,-0.984834,-1.228710,0.133619,0.617393,0.007023
393,3.275000,0.004806,0.166671,0.012579,-0.985921,-1.209358,0.133483,0.623702,0.014609
394,3.283333,0.004802,0.170971,0.003761,-0.985257,-1.190469,0.133852,0.628943,0.001557
395,3.291667,0.003332,0.163204,-0.007809,-0.986556,-1.172143,0.133760,0.634817,0.001808
396,3.300000,0.000090,0.167274,-0.004282,-0.985901,-1.153994,0.133552,0.640699,0.001365
397,3.308333,-0.002002,0.166906,-0.003740,-0.985964,-1.135763,0.133440,0.646603,0.001409
398,3.316667,-0.019439,0.167267,-0.010269,-0.985666,-1.117153,0.134599,0.652803,0.001160
399,3.325000,-0.032475,0.163332,-0.002499,-0.986033,-1.098949,0.134574,0.658247,0.001099
400,3.333333,0.001621,0.167133,0.005469,-0.985918,-1.081016,0.133617,0.664084,0.001220
401,3.341667,-0.044975,0.158366,-0.025617,-0.986023,-1.063272,0.131768,0.670446,0.002098
402,3.350000,-0.049457,0.159038,-0.043894,-0.985055,-1.045305,0.133508,0.675542,0.002174
403,3.358333,0.000158,0.166374,0.002350,-0.986060,-1.027378,0.134197,0.681338,0.007530
404,3.366667,0.001424,0.171387,0.003206,-0.985198,-1.009750,0.134312,0.686401,0.001472
405,3.375000,-0.033471,0.160698,-0.038661,-0.985678,-0.992782,0.132969,0.692910,0.002083
406,3.383333,-0.034469,0.159893,-0.031336,-0.986035,-0.975190,0.132834,0.698643,0.001781
407,3.391667,-0.024489,0.157294,-0.030465,-0.986778,-0.956901,0.133820,0.704532,0.001563
408,3.400000,-0.038233,0.160240,-0.023346,-0.986061,-0.940318,0.132624,0.709655,0.001883
409,3.408333,-0.009312,0.170225,-0.012910,-0.985277,-0.923088,0.134523,0.714599,0.001551
410,3.416667,-0.035917,0.168747,-0.025986,-0.984662,-0.905630,0.136077,0.720065,0.001381
411,3.425000,-0.011619,0.171314,-0.016079,-0.985017,-0.888861,0.135076,0.725447,0.001483
412,3.433333,-0.011788,0.170948,-0.017312,-0.985057,-0.872122,0.135240,0.730852,0.001521
413,3.441667,-0.030752,0.168712,-0.025890,-0.984845,-0.855226,0.136342,0.736574,0.001264
414,3.450000,-0.038247,0.168837,-0.027933,-0.984505,-0.838497,0.136713,0.742029,0.001476
415,3.458333,-0.005080,0.170660,-0.012763,-0.985234,-0.821916,0.135359,0.747279,0.001391
416,3.466667,0.003593,0.171562,-0.005214,-0.985153,-0.804581,0.136302,0.752794,0.001472
417,3.475000,-0.003653,0.172109,-0.011911,-0.984999,-0.788574,0.135681,0.757843,0.001510
418,3.483333,-0.028204,0.167396,-0.007459,-0.985458,-0.771548,0.136129,0.762829,0.001444
419,3.491667,-0.032383,0.168975,-0.012087,-0.985014,-0.755077,0.136060,0.767985,0.001407
420,3.500000,0.007447,0.172833,-0.001713,-0.984922,-0.738698,0.137059,0.773695,0.001421
421,3.508333,-0.005699,0.170968,-0.013116,-0.985173,-0.723282,0.136523,0.779094,0.001401
422,3.516667,-0.007614,0.171637,-0.013573,-0.985037,-0.707316,0.136555,0.784519,0.001438
423,3.525000,-0.006251,0.171960,-0.010932,-0.985023,-0.691425,0.136451,0.789476,0.001600
424,3.533333,-0.003698,0.167798,-0.004898,-0.985802,-0.674542,0.138130,0.794729,0.001389
425,3.541667,-0.026623,0.167919,-0.007452,-0.985413,-0.659361,0.136858,0.799532,0.001328
426,3.550000,-0.022820,0.168441,-0.014653,-0.985339,-0.643545,0.137507,0.804418,0.001491
427,3.558333,-0.000960,0.172016,-0.008821,-0.985054,-0.627657,0.137606,0.809821,0.001409
428,3.566667,0.002076,0.171463,-0.006830,-0.985165,-0.612299,0.137545,0.814725,0.001480
429,3.575000,-0.004874,0.169929,0.004454,-0.985434,-0.596904,0.136762,0.819845,0.001406
430,3.583333,-0.007188,0.170577,-0.006517,-0.985296,-0.581926,0.137018,0.824830,0.001450
431,3.591667,-0.020583,0.169670,-0.020565,-0.985071,-0.566620,0.138098,0.829855,0.001446
432,3.600000,-0.022752,0.167528,-0.022713,-0.985343,-0.551438,0.138261,0.834639,0.001472
433,3.608333,-0.033627,0.167600,-0.010068,-0.985230,-0.536253,0.137785,0.839547,0.001504
434,3.616667,-0.021508,0.168736,-0.021313,-0.985196,-0.521234,0.138596,0.844392,0.001349
435,3.625000,-0.034778,0.167487,-0.027473,-0.984878,-0.506189,0.139488,0.849422,0.001188
436,3.633333,-0.035209,0.166881,-0.028113,-0.984947,-0.491209,0.139564,0.854172,0.001196
437,3.641667,-0.021234,0.166371,-0.014990,-0.985721,-0.476233,0.137197,0.859006,0.001250
438,3.650000,-0.033507,0.164283,-0.020883,-0.985623,-0.461757,0.137009,0.864347,0.001676
439,3.658333,-0.021958,0.167042,-0.011279,-0.985641,-0.447297,0.137087,0.868758,0.001392
440,3.666667,-0.024153,0.167254,-0.011452,-0.985552,-0.432922,0.137135,0.873561,0.001454
441,3.675000,-0.009665,0.171436,-0.009787,-0.985099,-0.418753,0.137980,0.878054,0.001609
442,3.683333,0.026799,0.170612,-0.003502,-0.984968,-0.404561,0.139388,0.883492,0.006951
443,3.691667,-0.013540,0.171564,-0.003734,-0.985073,-0.390327,0.137849,0.887408,0.001510
444,3.700000,0.014667,0.172116,-0.005446,-0.984953,-0.376574,0.139653,0.892175,0.002348
445,3.708333,-0.000578,0.169984,0.009800,-0.985398,-0.362496,0.138787,0.896980,0.006838
446,3.716667,-0.005584,0.169248,-0.019266,-0.985369,-0.348105,0.140731,0.901118,0.002473
447,3.725000,-0.009400,0.168813,-0.018855,-0.985423,-0.334326,0.140877,0.905927,0.007320
448,3.733333,-0.011103,0.171328,-0.001705,-0.985150,-0.320369,0.138712,0.910206,0.001458
449,3.741667,-0.006231,0.171804,-0.015483,-0.984990,-0.307175,0.139405,0.914699,0.001467
450,3.750000,-0.031389,0.162889,-0.041035,-0.985291,-0.294325,0.140382,0.918792,0.006511
451,3.758333,-0.021790,0.167535,-0.020925,-0.985403,-0.279920,0.138884,0.923738,0.001434
452,3.766667,-0.021396,0.169186,-0.007426,-0.985324,-0.267774,0.139153,0.927766,0.006048
453,3.775000,-0.026125,0.168777,0.001028,-0.985308,-0.253208,0.141019,0.932867,0.012051
454,3.783333,-0.028508,0.164581,-0.023973,-0.985660,-0.240100,0.143167,0.937545,0.017810
455,3.791667,-0.051575,0.168320,-0.011453,-0.984316,-0.226307,0.141865,0.941642,0.023317
456,3.800000,-0.036894,0.170715,-0.022871,-0.984364,-0.213070,0.142259,0.945828,0.029631
457,3.808333,-0.038239,0.158240,-0.007357,-0.986633,-0.200851,0.141249,0.951019,0.036197
458,3.816667,-0.025412,0.170188,-0.012770,-0.985001,-0.187265,0.139939,0.954029,0.001303
459,3.825000,-0.025950,0.168692,-0.022835,-0.985063,-0.174534,0.140266,0.958163,0.001442
460,3.833333,-0.043185,0.165522,-0.016667,-0.985119,-0.162832,0.142166,0.962402,0.001825
461,3.841667,-0.024359,0.168581,-0.006356,-0.985366,-0.149757,0.141207,0.966505,0.001817
462,3.850000,-0.027645,0.166507,-0.011272,-0.985588,-0.138046,0.141343,0.971211,0.001416
463,3.858333,-0.025245,0.170223,-0.032589,-0.984543,-0.124849,0.142948,0.975141,0.001640
464,3.866667,-0.024407,0.166952,-0.035340,-0.985029,-0.112479,0.142429,0.979386,0.001649
465,3.875000,-0.035423,0.167027,-0.025702,-0.984981,-0.099472,0.141460,0.982793,0.001412
466,3.883333,-0.009449,0.170138,-0.023101,-0.985104,-0.087565,0.142979,0.986809,0.002207
467,3.891667,-0.026628,0.170426,-0.005440,-0.984996,-0.075153,0.142043,0.990876,0.001787
468,3.900000,-0.035220,0.169787,-0.009674,-0.984804,-0.063222,0.142346,0.995372,0.001382
469,3.908333,-0.026799,0.167330,-0.018044,-0.985371,-0.051161,0.141274,0.999658,0.001572
470,3.916667,-0.034055,0.170623,-0.018871,-0.984567,-0.038942,0.141428,1.003090,0.001358
471,3.925000,-0.020476,0.170096,-0.011861,-0.985143,-0.027776,0.142669,1.006756,0.001773
472,3.933333,-0.024101,0.174031,-0.004320,-0.984436,-0.015956,0.142398,1.011238,0.001750
473,3.941667,-0.021416,0.171221,-0.030118,-0.984539,-0.004667,0.143898,1.015074,0.001716
474,3.950000,-0.028757,0.165281,-0.038935,-0.985058,0.006727,0.143640,1.018779,0.001559
475,3.958333,-0.010991,0.174351,-0.026953,-0.984253,0.018535,0.143421,1.022324,0.001732
476,3.966667,-0.024386,0.173941,-0.004560,-0.984444,0.030168,0.142860,1.026535,0.001690
477,3.975000,-0.034081,0.170657,-0.010339,-0.984687,0.041408,0.143306,1.030352,0.001424
478,3.983333,-0.045574,0.166564,-0.019352,-0.984787,0.052800,0.143388,1.033928,0.001316
479,3.991667,-0.040024,0.167639,-0.018734,-0.984857,0.064082,0.143090,1.037705,0.001350
480,4.000000,-0.037224,0.172456,-0.015105,-0.984198,0.075651,0.142682,1.041501,0.001711
481,4.008333,-0.023791,0.168013,-0.032411,-0.984965,0.085528,0.144922,1.044787,0.001639
482,4.016667,-0.044657,0.168147,-0.016197,-0.984617,0.096867,0.143685,1.048694,0.001360
483,4.025000,-0.027414,0.169236,-0.017172,-0.985045,0.107737,0.142674,1.052789,0.001490
484,4.033333,-0.022199,0.171175,-0.035587,-0.984348,0.118913,0.144151,1.056220,0.001594
485,4.041667,-0.048216,0.167185,-0.017468,-0.984591,0.128841,0.143961,1.059673,0.001422
486,4.050000,-0.042209,0.170183,-0.014885,-0.984396,0.139553,0.143587,1.063463,0.001530
487,4.058333,-0.049278,0.167515,-0.019228,-0.984449,0.149941,0.143859,1.066626,0.001316
488,4.066667,-0.048585,0.169838,-0.013263,-0.984184,0.160146,0.144921,1.070109,0.001410
489,4.075000,-0.049092,0.166295,-0.021209,-0.984625,0.170611,0.144604,1.073546,0.001221
490,4.083333,-0.044171,0.169699,-0.017454,-0.984351,0.181256,0.144364,1.077333,0.001254
491,4.091667,-0.038495,0.170574,-0.016012,-0.984462,0.191789,0.143627,1.080417,0.001503
492,4.100000,-0.053283,0.167899,-0.019759,-0.984165,0.201297,0.144807,1.083716,0.001348
493,4.108333,-0.029378,0.171123,-0.035864,-0.984158,0.211655,0.145454,1.087484,0.001573
494,4.116667,-0.043920,0.167954,-0.021244,-0.984587,0.221529,0.144610,1.090537,0.001056
495,4.125000,-0.057327,0.167658,-0.025681,-0.983842,0.231378,0.144879,1.094019,0.001351
496,4.133333,-0.033633,0.168241,-0.041195,-0.984310,0.240795,0.146243,1.097096,0.001582
497,4.141667,-0.038741,0.170354,-0.019004,-0.984438,0.250964,0.144259,1.100498,0.001516
498,4.150000,-0.047721,0.162817,-0.034496,-0.984898,0.260184,0.144261,1.104217,0.001401
499,4.158333,-0.039064,0.168314,-0.022590,-0.984700,0.269797,0.144094,1.107834,0.001247
500,4.166667,-0.031864,0.172270,-0.018022,-0.984369,0.279446,0.143736,1.111273,0.001470
501,4.175000,-0.032349,0.165743,-0.051070,-0.984314,0.288589,0.145296,1.114099,0.001697
502,4.183333,-0.051297,0.167902,-0.021230,-0.984239,0.298033,0.145422,1.116854,0.001297
503,4.191667,-0.044183,0.172025,-0.016951,-0.983955,0.307685,0.145100,1.120501,0.001326
504,4.200000,-0.026631,0.171473,-0.020428,-0.984617,0.317029,0.143724,1.123515,0.001431
505,4.208333,-0.018911,0.173332,-0.036105,-0.984020,0.325888,0.146012,1.126883,0.001641
506,4.216667,-0.048686,0.171616,-0.018260,-0.983791,0.334990,0.145369,1.129682,0.001279
507,4.225000,-0.058362,0.171247,-0.026314,-0.983146,0.343941,0.145189,1.132712,0.001377
508,4.233333,-0.035747,0.169295,-0.022615,-0.984657,0.352755,0.144696,1.135930,0.001218
509,4.241667,-0.042645,0.175043,-0.014462,-0.983531,0.361960,0.145415,1.138949,0.001576
510,4.250000,-0.046136,0.168359,-0.028159,-0.984243,0.370287,0.144753,1.142054,0.001368
511,4.258333,-0.036278,0.169500,-0.023883,-0.984573,0.378693,0.144979,1.145017,0.001273
512,4.266667,-0.024697,0.170839,-0.021289,-0.984759,0.387490,0.144180,1.147912,0.001338
513,4.275000,-0.037649,0.168474,-0.023631,-0.984703,0.395834,0.145116,1.151173,0.001181
514,4.283333,-0.030174,0.173739,-0.017406,-0.984175,0.404466,0.144784,1.154439,0.001469
515,4.291667,-0.045740,0.169592,-0.025767,-0.984115,0.412396,0.144905,1.157228,0.001352
516,4.300000,-0.032605,0.171248,-0.019482,-0.984496,0.420424,0.145177,1.159948,0.001330
517,4.308333,-0.027168,0.169385,-0.023241,-0.984901,0.428963,0.144438,1.162493,0.001408
518,4.316667,-0.036475,0.170608,-0.021232,-0.984435,0.437173,0.145208,1.165834,0.001233
519,4.325000,-0.024696,0.171361,-0.021148,-0.984672,0.445380,0.144320,1.168185,0.001341
520,4.333333,-0.038809,0.168071,-0.027051,-0.984639,0.453084,0.145455,1.171093,0.001258
521,4.341667,-0.032238,0.172790,-0.018238,-0.984262,0.461466,0.145075,1.174305,0.001365
522,4.350000,-0.046303,0.168741,-0.029419,-0.984133,0.469002,0.145321,1.176708,0.001245
523,4.358333,-0.037799,0.168895,-0.024907,-0.984594,0.476628,0.145453,1.179380,0.001180
524,4.366667,-0.025324,0.172203,-0.020774,-0.984517,0.484544,0.144602,1.181656,0.001365
525,4.375000,-0.033763,0.171689,-0.019685,-0.984376,0.492154,0.145404,1.184759,0.001288
526,4.383333,-0.027026,0.171546,-0.020571,-0.984590,0.499927,0.144795,1.186930,0.001323
527,4.391667,-0.038342,0.169228,-0.025285,-0.984506,0.507056,0.145746,1.189855,0.001218
528,4.400000,-0.028817,0.171111,-0.023334,-0.984554,0.514499,0.144931,1.192259,0.001241
529,4.408333,-0.034958,0.171810,-0.023087,-0.984239,0.521812,0.145837,1.195486,0.001288
530,4.416667,-0.032621,0.173237,-0.019636,-0.984144,0.529156,0.145629,1.198030,0.001237
531,4.425000,-0.046356,0.169125,-0.029938,-0.984049,0.536142,0.145721,1.200300,0.001310
532,4.433333,-0.036095,0.170350,-0.022565,-0.984464,0.543115,0.145704,1.202836,0.001224
533,4.441667,-0.019642,0.172773,-0.016757,-0.984623,0.550072,0.145029,1.205032,0.001249
534,4.450000,-0.029540,0.172632,-0.020543,-0.984329,0.557172,0.145607,1.207918,0.001302
535,4.458333,-0.028181,0.170989,-0.021972,-0.984625,0.564179,0.145241,1.209734,0.001236
536,4.466667,-0.032407,0.172195,-0.019309,-0.984340,0.571129,0.145970,1.212618,0.001306
537,4.475000,-0.044868,0.168427,-0.030103,-0.984232,0.577725,0.145992,1.214924,0.001283
538,4.483333,-0.036001,0.172527,-0.022928,-0.984080,0.584538,0.146105,1.217204,0.001156
539,4.491667,-0.028739,0.172333,-0.023836,-0.984331,0.591304,0.145503,1.218993,0.001336
540,4.500000,-0.042079,0.171369,-0.026917,-0.983940,0.597894,0.146049,1.221599,0.001240
541,4.508333,-0.028008,0.172033,-0.024515,-0.984388,0.604295,0.145608,1.223435,0.001235
542,4.516667,-0.034400,0.171638,-0.023044,-0.984290,0.610525,0.146292,1.225927,0.001175
543,4.525000,-0.032404,0.173416,-0.020309,-0.984106,0.617012,0.146355,1.228462,0.001368
544,4.533333,-0.026055,0.173876,-0.017816,-0.984262,0.623541,0.145965,1.230687,0.001280
545,4.541667,-0.038525,0.172313,-0.024342,-0.983988,0.629887,0.146165,1.232670,0.001407
546,4.550000,-0.030814,0.174571,-0.021001,-0.983938,0.636028,0.145991,1.234941,0.001437
547,4.558333,0.038434,0.176001,-0.108650,-0.977620,0.640492,0.150769,1.236326,0.003100
548,4.566667,-0.025791,0.172478,-0.022924,-0.984409,0.647842,0.145846,1.238625,0.001247
549,4.575000,-0.030932,0.173831,-0.020062,-0.984085,0.653978,0.146556,1.241453,0.001365
550,4.583333,-0.020746,0.173038,-0.018128,-0.984530,0.659586,0.146110,1.243037,0.001184
551,4.591667,-0.029953,0.174574,-0.019960,-0.983986,0.665424,0.146530,1.245551,0.001310
552,4.600000,-0.039945,0.172287,-0.027017,-0.983866,0.671049,0.146414,1.247625,0.001343
553,4.608333,-0.027194,0.172111,-0.023306,-0.984426,0.676741,0.145924,1.249001,0.001229
554,4.616667,-0.037279,0.168917,-0.025722,-0.984589,0.682064,0.146563,1.251363,0.001241
555,4.625000,-0.027480,0.170986,-0.023656,-0.984606,0.687813,0.145944,1.253036,0.001180
556,4.633333,-0.041728,0.170058,-0.027717,-0.984160,0.693167,0.146536,1.255271,0.001220
557,4.641667,-0.021473,0.171689,-0.019239,-0.984729,0.698633,0.146182,1.256908,0.001183
558,4.650000,-0.038965,0.171694,-0.025919,-0.984038,0.704187,0.146462,1.259145,0.001176
559,4.658333,-0.037709,0.170969,-0.024110,-0.984259,0.709537,0.146798,1.260961,0.001176
560,4.666667,-0.026156,0.172337,-0.022845,-0.984426,0.714887,0.146015,1.262457,0.001186
561,4.675000,-0.034053,0.174629,-0.020331,-0.983835,0.720191,0.146768,1.264920,0.001243
562,4.683333,-0.040203,0.171956,-0.027101,-0.983911,0.725266,0.146590,1.266841,0.001322
563,4.691667,-0.027000,0.175805,-0.018081,-0.983889,0.730345,0.146579,1.268615,0.001314
564,4.700000,-0.038500,0.171113,-0.025421,-0.984171,0.735071,0.147081,1.269951,0.001118
565,4.708333,-0.026319,0.173815,-0.022009,-0.984181,0.740171,0.146366,1.271192,0.001231
566,4.716667,-0.032601,0.173193,-0.021899,-0.984105,0.745032,0.146826,1.273493,0.001180
567,4.725000,-0.037246,0.173880,-0.022396,-0.983808,0.749875,0.147256,1.275140,0.001261
568,4.733333,-0.027273,0.172319,-0.023058,-0.984394,0.754643,0.146383,1.276319,0.001232
569,4.741667,-0.035678,0.173672,-0.023425,-0.983878,0.759492,0.146702,1.278555,0.001421
570,4.750000,-0.035678,0.173672,-0.023425,-0.983878,0.759492,0.146702,1.278555,0.001421
571,4.758333,-0.034870,0.173988,-0.022611,-0.983870,0.768712,0.146786,1.281416,0.001260
572,4.766667,-0.021884,0.172439,-0.018250,-0.984608,0.773061,0.146653,1.282628,0.001113
573,4.775000,-0.002127,0.178826,-0.041595,-0.982999,0.776547,0.147658,1.284574,0.002394
574,4.783333,-0.026149,0.172403,-0.022818,-0.984415,0.781664,0.146571,1.285727,0.001205
575,4.791667,-0.013432,0.179034,-0.036260,-0.983083,0.785001,0.147329,1.287444,0.002006
576,4.800000,-0.035281,0.172636,-0.025269,-0.984029,0.790042,0.146861,1.289403,0.001382
577,4.808333,-0.016057,0.179052,-0.042110,-0.982807,0.793318,0.147325,1.290565,0.002257
578,4.816667,-0.034550,0.173416,-0.023160,-0.983970,0.798234,0.147346,1.292142,0.001130
579,4.825000,-0.032978,0.173020,-0.021970,-0.984121,0.802152,0.147163,1.293769,0.001191
580,4.833333,-0.038288,0.172557,-0.026507,-0.983898,0.806126,0.147053,1.295172,0.001358
581,4.841667,-0.039359,0.171213,-0.027124,-0.984074,0.810060,0.147076,1.296463,0.001103
582,4.850000,-0.033459,0.172642,-0.020957,-0.984193,0.813885,0.147345,1.297942,0.001197
583,4.858333,-0.031725,0.173648,-0.020558,-0.984082,0.817545,0.147176,1.299367,0.001268
584,4.866667,-0.036428,0.172341,-0.025883,-0.984023,0.821252,0.146973,1.300550,0.001159
585,4.875000,-0.030493,0.174098,-0.019506,-0.984063,0.824924,0.147173,1.301893,0.001246
586,4.883333,-0.022232,0.172217,-0.019167,-0.984622,0.828336,0.146788,1.302570,0.001200
587,4.891667,-0.019687,0.172658,-0.018060,-0.984620,0.831931,0.146818,1.303894,0.001189
588,4.900000,-0.031857,0.174683,-0.022655,-0.983848,0.835674,0.147114,1.305657,0.001398
589,4.908333,-0.037230,0.171674,-0.023931,-0.984159,0.838950,0.147510,1.306788,0.001134
590,4.916667,-0.031692,0.173811,-0.020465,-0.984056,0.842551,0.147368,1.308106,0.001243
591,4.925000,-0.027395,0.172595,-0.023964,-0.984320,0.845784,0.146689,1.308594,0.001136
592,4.933333,-0.033931,0.172230,-0.026366,-0.984119,0.849092,0.146893,1.310454,0.001279
593,4.941667,-0.017948,0.179695,-0.027676,-0.983169,0.851558,0.146876,1.311301,0.001852
594,4.950000,-0.038042,0.172449,-0.024048,-0.983990,0.855351,0.147473,1.312647,0.001152
595,4.958333,-0.040265,0.173728,-0.026945,-0.983601,0.858680,0.147369,1.313861,0.001303
596,4.966667,-0.036797,0.173357,-0.026514,-0.983814,0.861656,0.147218,1.314854,0.001140
597,4.975000,-0.030153,0.174245,-0.024404,-0.983938,0.864555,0.147056,1.316105,0.001389
598,4.983333,-0.029055,0.178056,-0.029919,-0.983136,0.866676,0.147424,1.316626,0.001427
599,4.991667,0.037722,0.177945,-0.108668,-0.977294,0.869034,0.151903,1.317172,0.002976
600,5.000000,-0.037118,0.174962,-0.025024,-0.983557,0.873424,0.147390,1.318803,0.001215
601,5.008333,-0.031056,0.176150,-0.022540,-0.983615,0.876202,0.147312,1.319848,0.001423
602,5.016667,-0.032563,0.173281,-0.023667,-0.984049,0.878614,0.147336,1.320839,0.001052
603,5.025000,-0.029050,0.175279,-0.020299,-0.983881,0.881442,0.147450,1.321808,0.001354
604,5.033333,-0.021935,0.180064,-0.024603,-0.983102,0.883407,0.147048,1.322378,0.001536
605,5.041667,-0.030508,0.175995,-0.023347,-0.983641,0.886634,0.147265,1.323707,0.001402
606,5.050000,-0.031337,0.175080,-0.021488,-0.983821,0.889097,0.147535,1.324656,0.001179
607,5.058333,-0.034475,0.173049,-0.023737,-0.984024,0.891239,0.147677,1.325290,0.001075
608,5.066667,-0.032419,0.173483,-0.024345,-0.984002,0.893782,0.147276,1.326382,0.001369
609,5.075000,-0.032419,0.173483,-0.024345,-0.984002,0.893782,0.147276,1.326382,0.001369
610,5.083333,0.010138,0.177994,-0.004210,-0.983970,0.898053,0.145967,1.327688,0.002654
611,5.091667,0.010138,0.177994,-0.004210,-0.983970,0.898053,0.145967,1.327688,0.002654
612,5.100000,0.027124,0.181663,0.004746,-0.982975,0.902741,0.145195,1.329283,0.004261
613,5.108333,0.027124,0.181663,0.004746,-0.982975,0.902741,0.145195,1.329283,0.004261
614,5.116667,0.028573,0.181922,0.006392,-0.982877,0.906839,0.145405,1.330854,0.005850
615,5.125000,0.016726,0.181826,0.002201,-0.983186,0.909245,0.146015,1.331847,0.006766
616,5.133333,0.016726,0.181826,0.002201,-0.983186,0.909245,0.146015,1.331847,0.006766
617,5.141667,0.019333,0.181467,-0.000324,-0.983207,0.912429,0.145428,1.332842,0.008041
618,5.150000,-0.040482,0.172988,-0.027738,-0.983701,0.914373,0.147622,1.333317,0.001191
619,5.158333,-0.018627,0.178960,-0.021166,-0.983452,0.915654,0.147045,1.333901,0.001313
620,5.166667,-0.016742,0.180857,-0.027366,-0.982986,0.916952,0.147607,1.334401,0.001858
621,5.175000,-0.034192,0.172708,-0.024311,-0.984079,0.919257,0.147828,1.335112,0.001021
622,5.183333,-0.024289,0.173798,-0.016538,-0.984343,0.920549,0.147664,1.335020,0.001587
623,5.191667,-0.031555,0.174977,-0.021156,-0.983839,0.922504,0.147891,1.336274,0.001268
624,5.200000,-0.032770,0.175568,-0.023856,-0.983633,0.923988,0.147548,1.336715,0.001302
625,5.208333,-0.037160,0.174000,-0.026893,-0.983677,0.925256,0.147632,1.337150,0.001202
626,5.216667,-0.032575,0.174727,-0.025873,-0.983738,0.926739,0.147518,1.337864,0.001412
627,5.225000,-0.023150,0.178119,-0.022936,-0.983469,0.927701,0.147346,1.338143,0.001176
628,5.233333,-0.034894,0.175430,-0.024720,-0.983563,0.929504,0.147937,1.339057,0.000882
629,5.241667,-0.038871,0.172564,-0.026307,-0.983879,0.930306,0.148050,1.339324,0.000895
630,5.250000,-0.033469,0.172327,-0.026607,-0.984111,0.931167,0.147887,1.339467,0.001159
631,5.258333,-0.029517,0.175877,-0.020941,-0.983747,0.932461,0.147853,1.340044,0.001294
632,5.266667,-0.029648,0.175948,-0.021841,-0.983710,0.933453,0.147844,1.340405,0.001230
633,5.275000,-0.030818,0.174955,-0.022072,-0.983847,0.934342,0.147900,1.340726,0.001211
634,5.283333,-0.035348,0.173284,-0.024393,-0.983935,0.935173,0.147988,1.340984,0.001095
635,5.291667,-0.028288,0.175693,-0.020485,-0.983825,0.936114,0.147786,1.341327,0.001175
636,5.300000,-0.029479,0.174718,-0.021606,-0.983940,0.936816,0.147765,1.341642,0.001113
637,5.308333,-0.030011,0.177815,-0.021124,-0.983379,0.937619,0.147637,1.341354,0.001134
638,5.316667,-0.033524,0.174464,-0.027550,-0.983707,0.938469,0.147604,1.342358,0.000927
639,5.325000,-0.027684,0.176793,-0.023263,-0.983584,0.938605,0.147478,1.342243,0.001260
640,5.333333,-0.032809,0.174890,-0.025270,-0.983717,0.939348,0.147617,1.342533,0.001334
641,5.341667,-0.034397,0.174545,-0.025378,-0.983721,0.939893,0.147625,1.342733,0.001314
642,5.350000,-0.030085,0.172677,-0.025702,-0.984183,0.940084,0.147292,1.343051,0.001305
643,5.358333,-0.028971,0.175688,-0.021945,-0.983775,0.940553,0.147681,1.342978,0.001116
644,5.366667,-0.031897,0.174654,-0.022929,-0.983846,0.940946,0.147747,1.343118,0.001173
645,5.375000,-0.031790,0.174674,-0.023123,-0.983841,0.941140,0.147763,1.343168,0.001149
646,5.383333,-0.031790,0.174674,-0.023123,-0.983841,0.941140,0.147763,1.343168,0.001149
647,5.391667,-0.031196,0.174695,-0.022389,-0.983874,0.941233,0.147787,1.343211,0.001180
648,5.400000,-0.030354,0.175050,-0.022569,-0.983833,0.941135,0.147739,1.343177,0.001136
649,5.408333,-0.031115,0.174816,-0.022963,-0.983842,0.940976,0.147750,1.343113,0.001162
650,5.416667,-0.030834,0.174900,-0.022688,-0.983842,0.940823,0.147711,1.343048,0.001175
651,5.425000,-0.031288,0.174927,-0.022797,-0.983820,0.940699,0.147714,1.342983,0.001184
652,5.433333,-0.031262,0.174779,-0.023000,-0.983842,0.940561,0.147706,1.342927,0.001168
653,5.441667,-0.031271,0.174837,-0.022904,-0.983834,0.940434,0.147715,1.342891,0.001182
654,5.450000,-0.030783,0.175079,-0.022612,-0.983813,0.940304,0.147731,1.342858,0.001210
655,5.458333,-0.030623,0.175068,-0.022291,-0.983828,0.940206,0.147754,1.342842,0.001221
656,5.466667,-0.035015,0.174478,-0.025931,-0.983697,0.940140,0.147649,1.342777,0.001286
657,5.475000,-0.034193,0.174723,-0.025475,-0.983694,0.940098,0.147631,1.342756,0.001294
658,5.483333,-0.034191,0.174584,-0.025649,-0.983714,0.940081,0.147584,1.342740,0.001300
659,5.491667,-0.034681,0.174422,-0.025675,-0.983725,0.940069,0.147566,1.342728,0.001312
660,5.500000,-0.034902,0.174317,-0.025765,-0.983734,0.940080,0.147542,1.342741,0.001306
661,5.508333,-0.030750,0.174913,-0.022389,-0.983849,0.940072,0.147696,1.342775,0.001229
662,5.516667,-0.034330,0.174459,-0.025767,-0.983728,0.940117,0.147572,1.342774,0.001288
663,5.525000,-0.030052,0.175302,-0.022036,-0.983809,0.940107,0.147742,1.342804,0.001215
664,5.533333,-0.029579,0.175440,-0.021882,-0.983802,0.940124,0.147760,1.342806,0.001228
665,5.541667,-0.030239,0.175213,-0.022311,-0.983813,0.940134,0.147749,1.342805,0.001219
666,5.550000,-0.030461,0.175260,-0.022068,-0.983803,0.940150,0.147718,1.342812,0.001236
667,5.558333,-0.030341,0.175104,-0.022159,-0.983833,0.940138,0.147708,1.342809,0.001239
668,5.566667,-0.030935,0.174883,-0.022393,-0.983848,0.940138,0.147693,1.342796,0.001217
669,5.575000,-0.030515,0.175188,-0.022054,-0.983815,0.940134,0.147696,1.342787,0.001234
670,5.583333,-0.029982,0.175272,-0.021950,-0.983819,0.940130,0.147695,1.342786,0.001219
671,5.591667,-0.030060,0.175307,-0.021993,-0.983809,0.940133,0.147706,1.342790,0.001224
672,5.600000,-0.034235,0.174720,-0.025425,-0.983694,0.940156,0.147593,1.342764,0.001276
673,5.608333,-0.034476,0.174743,-0.025629,-0.983677,0.940151,0.147580,1.342769,0.001266
674,5.616667,-0.035058,0.174505,-0.025915,-0.983691,0.940146,0.147579,1.342764,0.001263
675,5.625000,-0.035215,0.174314,-0.026072,-0.983715,0.940150,0.147552,1.342767,0.001266
676,5.633333,-0.035787,0.174194,-0.026147,-0.983714,0.940158,0.147560,1.342761,0.001262
677,5.641667,-0.035701,0.174263,-0.026039,-0.983707,0.940155,0.147575,1.342764,0.001270
678,5.650000,-0.034989,0.174557,-0.025824,-0.983686,0.940153,0.147587,1.342764,0.001274
679,5.658333,-0.030290,0.175267,-0.022033,-0.983808,0.940109,0.147745,1.342790,0.001206
680,5.666667,-0.029509,0.175611,-0.021618,-0.983780,0.940115,0.147750,1.342783,0.001222
681,5.675000,-0.029652,0.175533,-0.021776,-0.983786,0.940127,0.147729,1.342778,0.001212
682,5.683333,-0.029699,0.175534,-0.021770,-0.983785,0.940129,0.147706,1.342788,0.001209
683,5.691667,-0.029936,0.175518,-0.021806,-0.983779,0.940140,0.147697,1.342800,0.001223
684,5.700000,-0.030155,0.175276,-0.021792,-0.983816,0.940135,0.147703,1.342796,0.001240
685,5.708333,-0.030509,0.175328,-0.021981,-0.983792,0.940143,0.147698,1.342798,0.001225
686,5.716667,-0.035108,0.174651,-0.025691,-0.983669,0.940158,0.147590,1.342752,0.001276
687,5.725000,-0.035210,0.174471,-0.025872,-0.983692,0.940144,0.147578,1.342760,0.001255
688,5.733333,-0.035183,0.174316,-0.026280,-0.983710,0.940136,0.147602,1.342767,0.001251
689,5.741667,-0.035235,0.174401,-0.026077,-0.983698,0.940135,0.147623,1.342759,0.001239
690,5.750000,-0.035220,0.174471,-0.026082,-0.983687,0.940122,0.147618,1.342755,0.001258
691,5.758333,-0.034970,0.174589,-0.025797,-0.983682,0.940147,0.147592,1.342760,0.001264
692,5.766667,-0.030866,0.175092,-0.022207,-0.983818,0.940125,0.147708,1.342781,0.001219
693,5.775000,-0.030662,0.175226,-0.021857,-0.983808,0.940149,0.147703,1.342796,0.001228
694,5.783333,-0.030371,0.175309,-0.021859,-0.983802,0.940136,0.147692,1.342786,0.001242
695,5.791667,-0.030009,0.175522,-0.021629,-0.983780,0.940133,0.147709,1.342789,0.001226
696,5.800000,-0.030089,0.175436,-0.021989,-0.983785,0.940120,0.147715,1.342778,0.001202
697,5.808333,-0.029908,0.175440,-0.022011,-0.983790,0.940113,0.147744,1.342790,0.001203
698,5.816667,-0.030311,0.175332,-0.022144,-0.983793,0.940112,0.147744,1.342799,0.001215
699,5.825000,-0.035022,0.174437,-0.026014,-0.983701,0.940126,0.147593,1.342763,0.001273
700,5.833333,-0.034865,0.174572,-0.025831,-0.983688,0.940148,0.147562,1.342753,0.001283
701,5.841667,-0.034984,0.174707,-0.025869,-0.983659,0.940145,0.147560,1.342748,0.001275
702,5.850000,-0.019107,0.174721,-0.040668,-0.983592,0.940166,0.148829,1.342797,0.001634
703,5.858333,-0.019414,0.174661,-0.040444,-0.983606,0.940179,0.148852,1.342808,0.001638
704,5.866667,-0.013622,0.173207,-0.039654,-0.983993,0.939974,0.148591,1.342976,0.001703
705,5.875000,-0.019148,0.174870,-0.040136,-0.983587,0.940182,0.148873,1.342831,0.001647
706,5.883333,-0.019309,0.174683,-0.040414,-0.983605,0.940194,0.148825,1.342829,0.001659
707,5.891667,-0.022987,0.173539,-0.043676,-0.983589,0.940347,0.148553,1.342858,0.001656
708,5.900000,-0.020981,0.175194,-0.042158,-0.983407,0.940274,0.148579,1.342785,0.001717
709,5.908333,-0.020938,0.174976,-0.042449,-0.983434,0.940289,0.148601,1.342792,0.001707
710,5.916667,-0.021646,0.175263,-0.042200,-0.983379,0.940270,0.148605,1.342825,0.001684
711,5.925000,-0.017066,0.176794,-0.038339,-0.983353,0.939902,0.148191,1.343072,0.001600
712,5.933333,-0.027923,0.176973,-0.027099,-0.983446,0.939954,0.147518,1.343166,0.001541
713,5.941667,-0.032859,0.178843,-0.027225,-0.982952,0.940186,0.147781,1.342997,0.001490
714,5.950000,-0.018776,0.176350,-0.017233,-0.983998,0.939959,0.146997,1.342443,0.001116
715,5.958333,-0.017039,0.176862,-0.016569,-0.983949,0.939995,0.146925,1.342456,0.001149
716,5.966667,-0.016396,0.177037,-0.016144,-0.983935,0.940000,0.146915,1.342464,0.001201
717,5.975000,-0.016396,0.177037,-0.016144,-0.983935,0.940000,0.146915,1.342464,0.001201
718,5.983333,-0.016396,0.177037,-0.016144,-0.983935,0.940000,0.146915,1.342464,0.001201
719,5.991667,-0.016396,0.177037,-0.016144,-0.983935,0.940000,0.146915,1.342464,0.001201
720,6.000000,-0.016396,0.177037,-0.016144,-0.983935,0.940000,0.146915,1.342464,0.001201
721,6.008333,-0.016396,0.177037,-0.016144,-0.983935,0.940000,0.146915,1.342464,0.001201
722,6.016667,-0.016396,0.177037,-0.016144,-0.983935,0.940000,0.146915,1.342464,0.001201
723,6.025000,-0.016396,0.177037,-0.016144,-0.983935,0.940000,0.146915,1.342464,0.001201
724,6.033333,-0.016396,0.177037,-0.016144,-0.983935,0.940000,0.146915,1.342464,0.001201
725,6.041667,0.001508,0.176057,-0.010064,-0.984327,0.939678,0.146161,1.342893,0.001521
726,6.050000,0.001508,0.176057,-0.010064,-0.984327,0.939678,0.146161,1.342893,0.001521
727,6.058333,0.001508,0.176057,-0.010064,-0.984327,0.939678,0.146161,1.342893,0.001521
728,6.066667,0.001508,0.176057,-0.010064,-0.984327,0.939678,0.146161,1.342893,0.001521
729,6.075000,0.001508,0.176057,-0.010064,-0.984327,0.939678,0.146161,1.342893,0.001521
730,6.083333,0.001508,0.176057,-0.010064,-0.984327,0.939678,0.146161,1.342893,0.001521
731,6.091667,0.001508,0.176057,-0.010064,-0.984327,0.939678,0.146161,1.342893,0.001521
732,6.100000,0.001508,0.176057,-0.010064,-0.984327,0.939678,0.146161,1.342893,0.001521
733,6.108333,0.001508,0.176057,-0.010064,-0.984327,0.939678,0.146161,1.342893,0.001521
734,6.116667,0.001508,0.176057,-0.010064,-0.984327,0.939678,0.146161,1.342893,0.001521
735,6.125000,0.001508,0.176057,-0.010064,-0.984327,0.939678,0.146161,1.342893,0.001521
736,6.133333,0.001508,0.176057,-0.010064,-0.984327,0.939678,0.146161,1.342893,0.001521
737,6.141667,0.001508,0.176057,-0.010064,-0.984327,0.939678,0.146161,1.342893,0.001521
738,6.150000,0.001508,0.176057,-0.010064,-0.984327,0.939678,0.146161,1.342893,0.001521
739,6.158333,0.001508,0.176057,-0.010064,-0.984327,0.939678,0.146161,1.342893,0.001521
740,6.166667,0.001508,0.176057,-0.010064,-0.984327,0.939678,0.146161,1.342893,0.001521
